id;fotografia;certificado;bilhete;resenciamento_militar;cartao_vacina;atestado_medico;ficha_trnasferencia;historico_escolar;cedula;descricao;ano_lectivo;data
1;false;false;true;false;true;false;false;false;true;superstructure Rubber;36165;2019-12-26T03:47:23
2;true;false;true;false;true;false;false;true;true;Libyan Dinar;42519;2019-12-26T09:49:14
3;false;true;false;true;false;false;false;true;false;backing up Refined;29309;2019-12-25T11:29:12
4;false;true;false;true;false;true;true;false;false;deposit well-modulated portals;45854;2019-12-25T20:00:19
5;true;true;false;true;false;false;false;false;false;Designer;73059;2019-12-25T13:52:33
6;false;false;true;false;false;false;false;false;true;Nakfa;45339;2019-12-25T11:10:28
7;true;false;false;true;true;false;true;false;true;communities front-end;59723;2019-12-25T13:50:24
8;true;true;true;false;false;true;true;false;false;efficient Automotive;94435;2019-12-25T15:29:29
9;true;false;false;false;true;false;true;true;false;logistical Applications French Guiana;30361;2019-12-26T06:54:47
10;true;true;false;true;true;false;true;true;true;AGP Lao People's Democratic Republic;5959;2019-12-26T09:22:45
